360098,204.25,1,,,,210.8,6.55,all,37.94614304,251.9543449
745584,516.18,1,,,,742.08,225.9,train,43.04521475,276.7102481
778063,720.42,1,,,,766.51,46.09,val,41.43859259,226.272309
863412_20160106,18.48,1,,,,18.87,0.39,test,9.944686192,54.4912989
863412_20170224,31,1,,,,32.19,1.19,,,
1100830,2.18,1,,,,1.99,-0.19,,,
1198170,0,1,,,,3.77,3.77,,,
1334027,73.91,1,,,,119.21,45.3,,,
1905528,15,1,,,,21.86,6.86,,,
2142816,0.8,1,,,,0.4,-0.4,,,
2648944_20160617,12.7,1,,,,12.52,-0.18,,,
2648944_20170809,19.1,1,,,,18.28,-0.82,,,
2705433,74.9,1,,,,249.94,175.04,,,
2874488,765,1,,,,925.26,160.26,,,
3023470,72.72,1,,,,65.37,-7.35,,,
3291449,1150.57,1,,,,1278.12,127.55,,,
3451501,1403.49,1,,,,1463.49,60,,,
3763040,901.62,1,,,,1028.78,127.16,,,
4016562,11.72,1,,,,51.46,39.74,,,
4018819,77.9,1,,,,98.94,21.04,,,
4498059,346.7,1,,,,404.72,58.02,,,
4865627,377,1,,,,500.68,123.68,,,
4971317,49.47,1,,,,187.95,138.48,,,
5059585,35,1,,,,353.06,318.06,,,
5434731,12.11,1,,,,11.32,-0.79,,,
5885472,1057.58,1,,,,1044.07,-13.51,,,
6059876,368,1,,,,361.4,-6.6,,,
6716445,987.45,1,,,,955.46,-31.99,,,
6748932,1886.088,1,,,,1786.35,-99.738,,,
6960254,40.53,1,,,,39.74,-0.79,,,
7035372,150.4,1,,,,143.25,-7.15,,,
7295569,110.47,1,,,,119.41,8.94,,,
7423601,33.58,1,,,,31.79,-1.79,,,
7517604,39.94,1,,,,42.12,2.18,,,
7526252,3907,1,,,,3723.1,-183.9,,,
8032799,1174.01,1,,,,1123.55,-50.46,,,
8373419,608.76,1,,,,590.68,-18.08,,,
8751642,13.31,1,,,,13.31,0,,,
9071629,37.55,1,,,,69.54,31.99,,,
9101671,178.62,1,,,,169.67,-8.95,,,
9559471,1179,1,,,,1167.46,-11.54,,,
9608699,14.11,1,,,,14.7,0.59,,,
10358948,42.12,1,,,,197.09,154.97,,,
10814401,368.75,1,,,,474.25,105.5,,,
10821848,91.99,1,,,,156.36,64.37,,,
11101385,2009.87,1,,,,1953.24,-56.63,,,
11325669,469.88,1,,,,615.12,145.24,,,
11369645,790.95,1,,,,1249.71,458.76,,,
11573038,64.97,1,,,,70.33,5.36,,,
11611668,55,1,,,,52.45,-2.55,,,
11852725_20181022,66.16,1,,,,64.57,-1.59,,,
12615224,1198.45,1,,,,1166.06,-32.39,,,
12930131,18.48,1,,,,17.09,-1.39,,,
13579630,61.19,1,,,,59.6,-1.59,,,
13608769_20150929,63,1,,,,55.63,-7.37,,,
13800276,1729.53,1,,,,1698.13,-31.4,,,
13837677_20180122,95.37,1,,,,94.18,-1.19,,,
13889855,16.89,1,,,,16.09,-0.8,,,
14383529,491,1,,,,535.25,44.25,,,
14389287,21.86,1,,,,20.86,-1,,,
14729625,7492,1,,,,3534.15,-3957.85,,,
14978564,37.15,1,,,,37.75,0.6,,,
15124444,675.32,1,,,,696.18,20.86,,,
15207122,39.14,1,,,,36.56,-2.58,,,
15229331,532.07,1,,,,594.26,62.19,,,
15231091,881.75,1,,,,842.61,-39.14,,,
15404178,102.72,1,,,,99.94,-2.78,,,
15404189,156.56,1,,,,156.96,0.4,,,
15404827,261.66,1,,,,265.24,3.58,,,
15580559,23.25,1,,,,22.05,-1.2,,,
15580924,251.93,1,,,,226.1,-25.83,,,
15585689,37.15,1,,,,39.74,2.59,,,
15678952,11.92,1,,,,17.88,5.96,,,
15679080,2780.36,1,,,,3224.41,444.05,,,
15791261,727.77,1,,,,712.08,-15.69,,,
15798966,1999.14,1,,,,1969.34,-29.8,,,
15815313,508.43,1,,,,501.67,-6.76,,,
15886687,6.56,1,,,,8.54,1.98,,,
15994146,71.72,1,,,,142.45,70.73,,,
16028696,69.94,1,,,,69.14,-0.8,,,
16071195,452.6,1,,,,429.55,-23.05,,,
16074376,175.83,1,,,,170.67,-5.16,,,
16146751,496.7,1,,,,474.85,-21.85,,,
16245366,2856.85,1,,,,2767.64,-89.21,,,
16383496,330.61,1,,,,322.66,-7.95,,,
16385083,13.91,1,,,,16.69,2.78,,,
17133469,1057.98,1,,,,1087.39,29.41,,,
17290867,25.03,1,,,,21.46,-3.57,,,
17797352,853,1,,,,2255.64,1402.64,,,
17838550,21,1,,,,30,9,,,
17838981,22,1,,,,46.09,24.09,,,
17967258,2089,1,,,,2012.25,-76.75,,,
61492862,574.79,1,,,,615.72,40.93,,,
49978-G,0,1,,,,44.7,44.7,,,
133993-G,96,1,,,,94.57,-1.43,,,
197397-G,0,1,,,,0,0,,,
231629-G,0,1,,,,0,0,,,
311182-P,0,1,,,,0,0,,,
311626-G,1,1,,,,1.19,0.19,,,
361115-P,418,1,,,,405.31,-12.69,,,
412204-P,395,1,,,,374.71,-20.29,,,
434708-G,58,1,,,,60.4,2.4,,,
446708-G,0,1,,,,0,0,,,
462306-G,294,1,,,,446.84,152.84,,,
490993-P,0,1,,,,0,0,,,
503720-G,35,1,,,,57.02,22.02,,,
503731-G,6,1,,,,5.96,-0.04,,,
517577-P,398,1,,,,365.97,-32.03,,,
518218-P,17,1,,,,16.69,-0.31,,,
520105-P,19,1,,,,18.68,-0.32,,,
536436-P,146,1,,,,464.72,318.72,,,
599382-P,0,1,,,,23.44,23.44,,,
605505-G,0,1,,,,20.46,20.46,,,
680444-G,107,1,,,,103.51,-3.49,,,
707619-G,50,1,,,,49.27,-0.73,,,
709693-P,9,1,,,,9.14,0.14,,,
715786-P,0,1,,,,0,0,,,
730723-P,54,1,,,,47.88,-6.12,,,
761739-P,0,1,,,,2.98,2.98,,,
778449-G,86,1,,,,81.46,-4.54,,,
778483-G,109,1,,,,100.93,-8.07,,,
778494-P,158,1,,,,1973.31,1815.31,,,
816104-G,1067,1,,,,1042.48,-24.52,,,
842864-G,307,1,,,,648.5,341.5,,,
858286-G,922,1,,,,889.9,-32.1,,,
869410-P,23,1,,,,23.05,0.05,,,
874759-P,153,1,,,,147.42,-5.58,,,
885541-G,0,1,,,,12.12,12.12,,,
887069-G,0,1,,,,5.96,5.96,,,
964512-P,91,1,,,,95.76,4.76,,,
981997-G,267,1,,,,230.47,-36.53,,,
998367-G,1412,1,,,,1324.22,-87.78,,,
999462-P,44,1,,,,80.27,36.27,,,
1010420-P,238,1,,,,230.67,-7.33,,,
1020479-G,0,1,,,,0,0,,,
1024391-G,466,1,,,,698.37,232.37,,,
1038557-P,799,1,,,,891.09,92.09,,,
1058975-P,215,1,,,,206.43,-8.57,,,
1132838-G,3,1,,,,2.38,-0.62,,,
1188961-G,0,1,,,,0,0,,,
1222602-P,0,1,,,,0,0,,,
1240875-P,149,1,,,,135.3,-13.7,,,
1243681-G,0,1,,,,0,0,,,
1244753-G,140,1,,,,150,10,,,
1263747-P,2,1,,,,2.38,0.38,,,
1268593-P,0,1,,,,19.67,19.67,,,
1286131-P,0,1,,,,0,0,,,
1342865-G,452,1,,,,525.51,73.51,,,
1348409-P,0,1,,,,0,0,,,
1389022-P,2,1,,,,1.59,-0.41,,,
1443056-P,682,1,,,,696.78,14.78,,,
1443374-P,410,1,,,,397.17,-12.83,,,
1443374-G,468,1,,,,450.21,-17.79,,,
1443556-P,1517,1,,,,1461.31,-55.69,,,
1458293-P,0,1,,,,0,0,,,
1476024-G,3682,1,,,,3405.41,-276.59,,,
1508232-G,0,1,,,,153.78,153.78,,,
1523688-G,0,1,,,,1338.92,1338.92,,,
1566718-P,26,1,,,,173.85,147.85,,,
1567460-P,0,1,,,,0,0,,,
1581437-P,0,1,,,,0,0,,,
1641152-G,15,1,,,,19.07,4.07,,,
1742898-P,0,1,,,,0,0,,,
1751208-G,0,1,,,,0.2,0.2,,,
1793448-P,0,1,,,,0,0,,,
1813554-P,0,1,,,,0,0,,,
1816633-G,131,1,,,,127.75,-3.25,,,
1862846-P,1,1,,,,0.6,-0.4,,,
1869621-G,0,1,,,,100.93,100.93,,,
1873183-G,0,1,,,,0,0,,,
1880440-P,3,1,,,,15.1,12.1,,,
1932747-P,0,1,,,,10.73,10.73,,,
1949720-G,76,1,,,,72.72,-3.28,,,
2018806-G,40,1,,,,38.94,-1.06,,,
2029972-G,1757,1,,,,2637.3,880.3,,,
2144118-G,0,1,,,,0,0,,,
2159606-P,0,1,,,,528.3,528.3,,,
2184454-P,35,1,,,,33.18,-1.82,,,
2185695-G,237,1,,,,1903.77,1666.77,,,
2185695-P,4,1,,,,2.58,-1.42,,,
2253103-P,5,1,,,,6.16,1.16,,,
2254004-G,0,1,,,,41.13,41.13,,,
2266662-G,0,1,,,,14.7,14.7,,,
2285452-G,280,1,,,,327.43,47.43,,,
2309888-P,0,1,,,,5.56,5.56,,,
2313486-P,3,1,,,,40.13,37.13,,,
2376832-P,0,1,,,,0,0,,,
2423510-G,156,1,,,,147.02,-8.98,,,
2431336-P,35,1,,,,117.42,82.42,,,
2452655-P,1,1,,,,8.54,7.54,,,
2487243-G,4,1,,,,3.77,-0.23,,,
2492504-G,515,1,,,,528.89,13.89,,,
2510227-G,123,1,,,,154.57,31.57,,,
2515879-P,635,1,,,,628.43,-6.57,,,
2516907-P,95,1,,,,91,-4,,,
2531308-P,0,1,,,,12.52,12.52,,,
2579579-G,51,1,,,,49.07,-1.93,,,
2587420-G,0,1,,,,83.65,83.65,,,
2641443-P,0,1,,,,0.79,0.79,,,
2661043-G,44,1,,,,1.99,-42.01,,,
2684528-P,0,1,,,,13.51,13.51,,,
2700949-G,3966,1,,,,3779.73,-186.27,,,
2734829-G,39,1,,,,143.25,104.25,,,
2736994-G,50,1,,,,48.08,-1.92,,,
2737226-G,44,1,,,,129.74,85.74,,,
2739551-G,237,1,,,,240.21,3.21,,,
2860051-G,0,1,,,,0,0,,,
2892128-G,67,1,,,,62.39,-4.61,,,
2906414-G,57,1,,,,50.47,-6.53,,,
2917739-P,27,1,,,,25.03,-1.97,,,
2930963-G,158,1,,,,392.79,234.79,,,
2932583-P,75,1,,,,150,75,,,
2932969-P,2,1,,,,84.44,82.44,,,
3018937-P,0,1,,,,118.61,118.61,,,
3022342-G,5,1,,,,1145.6,1140.6,,,
3022751-P,167,1,,,,160.14,-6.86,,,
3076195-P,356,1,,,,349.08,-6.92,,,
3111362-P,5,1,,,,6.56,1.56,,,
3124025-P,0,1,,,,0,0,,,
3166265-G,11,1,,,,35.76,24.76,,,
3171673-P,0,1,,,,0,0,,,
3174934-P,0,1,,,,50.47,50.47,,,
3181564-P,13,1,,,,12.72,-0.28,,,
3187051-G,75,1,,,,70.93,-4.07,,,
3254704-G,184,1,,,,171.46,-12.54,,,
3254715-G,0,1,,,,6.76,6.76,,,
3260831-P,4,1,,,,3.97,-0.03,,,
3282926-G,0,1,,,,0,0,,,
3291449-P,1383,1,,,,1278.12,-104.88,,,
3301391-G,0,1,,,,0.6,0.6,,,
3367622-G,3517,1,,,,3395.67,-121.33,,,
3367928-G,0,1,,,,8.94,8.94,,,
3394103-G,0,1,,,,0,0,,,
3401909-G,89,1,,,,85.63,-3.37,,,
3405912-G,0,1,,,,0,0,,,
3415096-P,0,1,,,,1.19,1.19,,,
3468551-G,0,1,,,,100.33,100.33,,,
3485481-G,0,1,,,,0.99,0.99,,,
3485583-G,285,1,,,,279.15,-5.85,,,
3487523-P,7,1,,,,5.96,-1.04,,,
3505235-G,0,1,,,,0.2,0.2,,,
3507139-G,283,1,,,,387.83,104.83,,,
3685878-G,0,1,,,,4.57,4.57,,,
3713540-P,0,1,,,,0,0,,,
3722789-G,0,1,,,,315.9,315.9,,,
3734518-P,0,1,,,,0.2,0.2,,,
3740587-P,355,1,,,,343.92,-11.08,,,
3820062-G,0,1,,,,0.4,0.4,,,
3826140-G,0,1,,,,0,0,,,
3833292-G,0,1,,,,0,0,,,
3871269-P,28,1,,,,27.22,-0.78,,,
3916550-P,80,1,,,,85.43,5.43,,,
3925346-G,0,1,,,,0,0,,,
3931940-G,46,1,,,,57.42,11.42,,,
3975608-G,3,1,,,,2.78,-0.22,,,
3981791-G,1208,1,,,,1275.34,67.34,,,
3990781-G,362,1,,,,401.73,39.73,,,
3990861-G,28,1,,,,25.03,-2.97,,,
4016562-G,1,1,,,,50.47,49.47,,,
4018819-G,75,1,,,,98.94,23.94,,,
4024219-P,0,1,,,,0,0,,,
4070955-G,0,1,,,,0.4,0.4,,,
4086753-P,145,1,,,,134.91,-10.09,,,
4097147-G,37,1,,,,46.09,9.09,,,
4101364-P,0,1,,,,0,0,,,
4106472-P,2542,1,,,,2591.01,49.01,,,
4116512-P,159,1,,,,169.67,10.67,,,
4119180-P,0,1,,,,0,0,,,
4157931-P,31,1,,,,47.29,16.29,,,
4158627-P,0,1,,,,0.79,0.79,,,
4173017-G,6,1,,,,6.95,0.95,,,
4237143-P,6,1,,,,4.77,-1.23,,,
4253478-P,0,1,,,,3.18,3.18,,,
4257481-P,448,1,,,,444.45,-3.55,,,
4290602-G,0,1,,,,0.2,0.2,,,
4361506-G,76,1,,,,5155.4,5079.4,,,
4362918-G,15,1,,,,5.96,-9.04,,,
4388287-P,100,1,,,,107.69,7.69,,,
4439901-G,0,1,,,,0,0,,,
4446677-P,1295,1,,,,1183.35,-111.65,,,
4470126-P,0,1,,,,27.42,27.42,,,
4498059-P,346,1,,,,400.94,54.94,,,
4504943-G,20,1,,,,24.44,4.44,,,
4510989-P,880,1,,,,2387.76,1507.76,,,
4522718-G,0,1,,,,0,0,,,
4536463-G,10,1,,,,8.54,-1.46,,,
4550305-P,0,1,,,,0,0,,,
4576130-P,971,1,,,,1880.92,909.92,,,
4581980-G,0,1,,,,0,0,,,
4606320-G,0,1,,,,15.5,15.5,,,
4689810-G,123,1,,,,135.9,12.9,,,
4721522-P,949,1,,,,906.19,-42.81,,,
4769997-P,0,1,,,,0,0,,,
4795555-P,0,1,,,,5.76,5.76,,,
4812979-G,465,1,,,,472.07,7.07,,,
4821027-G,0,1,,,,0,0,,,
4823669-G,0,1,,,,0.4,0.4,,,
4825223-G,0,1,,,,0,0,,,
4863836-G,0,1,,,,0,0,,,
4878186-G,16,1,,,,39.54,23.54,,,
4892346-P,10,1,,,,9.93,-0.07,,,
4905822-G,0,1,,,,0,0,,,
4910989-G,0,1,,,,0,0,,,
4933431-G,0,1,,,,201.86,201.86,,,
4948930-P,0,1,,,,1.19,1.19,,,
4952709-G,0,1,,,,36.95,36.95,,,
4962305-G,0,1,,,,0,0,,,
4971317-G,55,1,,,,187.95,132.95,,,
5076255-G,36,1,,,,34.97,-1.03,,,
5080911-G,3,1,,,,2.38,-0.62,,,
5085790-G,0,1,,,,0,0,,,
5086817-G,0,1,,,,0,0,,,
5095692-P,0,1,,,,3.58,3.58,,,
5123648-P,586,1,,,,558.49,-27.51,,,
5157051-G,0,1,,,,0,0,,,
5162470-P,0,1,,,,29.66,29.66,,,
5203452-G,41,1,,,,39.74,-1.26,,,
5241941-G,243,1,,,,238.42,-4.58,,,
5243141-P,0,1,,,,0,0,,,
5244304-P,66,1,,,,80.47,14.47,,,
5245545-P,273,1,,,,270.01,-2.99,,,
5262613-P,85,1,,,,161.73,76.73,,,
5271603-P,0,1,,,,0,0,,,
5292319-G,70,1,,,,66.76,-3.24,,,
5303844-P,23,1,,,,23.84,0.84,,,
5318774-G,300,1,,,,343.92,43.92,,,
5331431_G,0,1,,,,0.2,0.2,,,
5335820-G,140,1,,,,367.96,227.96,,,
5359977-P,324,1,,,,312.13,-11.87,,,
5415996-G,128,1,,,,440.08,312.08,,,
5419023-P,4,1,,,,60.6,56.6,,,
5479298-G,16,1,,,,16.69,0.69,,,
5499809-P,0,1,,,,0,0,,,
5509999-G,68,1,,,,65.96,-2.04,,,
5585604-P,0,1,,,,6.56,6.56,,,
5586787-P,23,1,,,,24.04,1.04,,,
5590727-G,64,1,,,,81.46,17.46,,,
5614460-G,285,1,,,,276.17,-8.83,,,
5622173-G,0,1,,,,0,0,,,
5625172-G,2,1,,,,9.54,7.54,,,
5647096-P,0,1,,,,0,0,,,
5683238-P,171,1,,,,198.28,27.28,,,
5689418-P,0,1,,,,0,0,,,
5721073-G,0,1,,,,1.79,1.79,,,
5760941-G,0,1,,,,0.6,0.6,,,
5806713-G,489,1,,,,466.7,-22.3,,,
5819954-G,0,1,,,,0,0,,,
5864131-G,389,1,,,,422.8,33.8,,,
5878126-G,89,1,,,,87.22,-1.78,,,
5885472-P,1092,1,,,,1044.07,-47.93,,,
5887718-P,0,1,,,,0,0,,,
5921039-P,2135,,,,1,,,,,
5934247-G,0,1,,,,0,0,,,
5947364-P,4,1,,,,5.56,1.56,,,
5972850-G,0,1,,,,22.25,22.25,,,
6037167-P,0,1,,,,0,0,,,
6058293-G,735,1,,,,2222.85,1487.85,,,
6059638-G,0,1,,,,0,0,,,
6060602-G,27,1,,,,27.02,0.02,,,
6071212-G,259,1,,,,246.37,-12.63,,,
6094480-G,2,1,,,,2.38,0.38,,,
6114892-G,0,1,,,,0.2,0.2,,,
6119182-P,13,1,,,,11.92,-1.08,,,
6131288-P,0,1,,,,25.43,25.43,,,
6150125-G,171,1,,,,219.34,48.34,,,
6154401-G,12,1,,,,11.13,-0.87,,,
6162885-P,166,1,,,,162.32,-3.68,,,
6205636-P,0,1,,,,0,0,,,
6209901-G,101,1,,,,125.17,24.17,,,
6216757-G,59,1,,,,70.93,11.93,,,
6225576-G,0,1,,,,1.59,1.59,,,
6237236-P,8,1,,,,32.19,24.19,,,
6287054-G,0,1,,,,18.48,18.48,,,
6325593-G,294,1,,,,289.68,-4.32,,,
6386158-G,36,1,,,,36.36,0.36,,,
6423207-G,0,1,,,,0.4,0.4,,,
6444184-G,0,1,,,,16.69,16.69,,,
6448404-G,470,1,,,,459.15,-10.85,,,
6469927-G,39,1,,,,39.74,0.74,,,
6474084-P,334,1,,,,1419.98,1085.98,,,
6495507-P,340,1,,,,691.21,351.21,,,
6507784-P,1,1,,,,0.6,-0.4,,,
6511973-G,0,1,,,,0,0,,,
6518430-P,506,1,,,,463.33,-42.67,,,
6536103-G,341,1,,,,735.32,394.32,,,
6536578-P,0,1,,,,0,0,,,
6573724-P,0,1,,,,1.59,1.59,,,
6581960-G,1289,1,,,,1351.83,62.83,,,
6608124-P,57,1,,,,106.49,49.49,,,
6608873-G,0,1,,,,2.38,2.38,,,
6609230-P,0,1,,,,0,0,,,
6615710-G,636,1,,,,1109.84,473.84,,,
6624062-G,129,1,,,,133.51,4.51,,,
6639287-G,74,1,,,,79.27,5.27,,,
6678246-G,0,1,,,,0,0,,,
6692199-G,0,1,,,,0,0,,,
6697729-G,2,1,,,,4.77,2.77,,,
6705119-P,758,1,,,,739.1,-18.9,,,
6716445-G,988,1,,,,952.28,-35.72,,,
6737559-G,28,1,,,,26.42,-1.58,,,
6748932-G,1174,1,,,,1825.69,651.69,,,
6751093-G,0,1,,,,0.2,0.2,,,
6787026-G,0,1,,,,140.67,140.67,,,
6790927-P,0,1,,,,0,0,,,
6812620-G,0,1,,,,2.58,2.58,,,
6814228-P,2941,1,,,,2904.73,-36.27,,,
6842746-P,0,1,,,,0,0,,,
6856606-G,0,1,,,,0,0,,,
6865287-G,0,1,,,,0.6,0.6,,,
6941646-P,0,1,,,,0,0,,,
6947097-G,20,1,,,,19.07,-0.93,,,
6981744-G,0,1,,,,0,0,,,
6995659-G,0,1,,,,96.76,96.76,,,
7015261-P,0,1,,,,0.4,0.4,,,
7029201-P,147,1,,,,181,34,,,
7035372-P,151,1,,,,145.04,-5.96,,,
7036159-P,0,1,,,,195.9,195.9,,,
7044077-G,0,1,,,,0,0,,,
7076155-G,46,1,,,,44.5,-1.5,,,
7089647-G,0,1,,,,0,0,,,
7089658-G,9,1,,,,8.94,-0.06,,,
7107791-G,0,1,,,,0,0,,,
7146476-P,0,1,,,,0,0,,,
7210653-P,0,1,,,,0,0,,,
7217018-G,1,1,,,,179.01,178.01,,,
7250160-P,0,1,,,,0,0,,,
7264655-G,111,1,,,,106.49,-4.51,,,
7267596-G,23,1,,,,22.85,-0.15,,,
7275221-P,147,1,,,,138.08,-8.92,,,
7283865-G,466,1,,,,451.41,-14.59,,,
7288304-G,41,1,,,,138.28,97.28,,,
7289692-G,0,1,,,,5.17,5.17,,,
7309775-G,69,1,,,,163.71,94.71,,,
7340332-P,17,1,,,,88.21,71.21,,,
7340854-G,12,1,,,,11.52,-0.48,,,
7388309-G,0,1,,,,0,0,,,
7393819-P,382,1,,,,366.77,-15.23,,,
7486820-P,46,1,,,,41.92,-4.08,,,
7513088-G,0,1,,,,1.79,1.79,,,
7544969-G,453,1,,,,432.93,-20.07,,,
7566769-G,0,1,,,,0,0,,,
7584512-G,0,1,,,,0.6,0.6,,,
7724916-G,93,1,,,,89.41,-3.59,,,
7733597-G,0,1,,,,0,0,,,
7788069-G,46,1,,,,46.89,0.89,,,
7798712-P,23,1,,,,29.6,6.6,,,
7820408-G,0,1,,,,0,0,,,
7828775-P,92,1,,,,82.65,-9.35,,,
7890406-P,0,1,,,,36.16,36.16,,,
7904394-G,51,1,,,,50.07,-0.93,,,
7958374-G,645,1,,,,622.27,-22.73,,,
7958625-G,244,1,,,,235.84,-8.16,,,
7972056-P,0,1,,,,0.6,0.6,,,
7979455-G,0,1,,,,0.4,0.4,,,
7981466-P,0,1,,,,0.2,0.2,,,
7986370-P,17,1,,,,28.01,11.01,,,
7996932-P,330,1,,,,320.67,-9.33,,,
8030113-G,1,1,,,,0.99,-0.01,,,
8039416-G,159,1,,,,234.25,75.25,,,
8042920-P,22,1,,,,48.08,26.08,,,
8054566-P,41,1,,,,53.32,12.32,,,
8066760-G,89,1,,,,88.02,-0.98,,,
8068642-G,0,1,,,,0,0,,,
8082506-G,0,1,,,,0,0,,,
8092271-G,399,1,,,,428.16,29.16,,,
8106669-P,430,1,,,,406.3,-23.7,,,
8113244-G,48,1,,,,47.29,-0.71,,,
8125471-P,0,1,,,,0,0,,,
8211765-G,811,1,,,,767.31,-43.69,,,
8215041-G,0,1,,,,0,0,,,
8221418-G,113,1,,,,109.67,-3.33,,,
8221441-G,37,1,,,,36.95,-0.05,,,
8249818-P,382,1,,,,373.3,-8.7,,,
8262779-G,68,1,,,,66.96,-1.04,,,
8292340-G,25,1,,,,24.64,-0.36,,,
8308563-P,9,,,,1,,,,,
8326292-G,0,1,,,,0,0,,,
8349131-G,0,1,,,,566.44,566.44,,,
8371311-G,0,1,,,,0.2,0.2,,,
8383742-G,71,1,,,,74.7,3.7,,,
8396789-G,0,1,,,,0,0,,,
8403790-G,9,1,,,,10.53,1.53,,,
8426151-P,7,1,,,,11.13,4.13,,,
8434660-G,0,1,,,,0,0,,,
8438402-P,0,1,,,,0,0,,,
8443569-G,0,1,,,,200.67,200.67,,,
8444733-G,0,1,,,,0,0,,,
8465869-G,210,1,,,,205.83,-4.17,,,
8475136-G,0,1,,,,9.54,9.54,,,
8479069-G,0,1,,,,0,0,,,
8490399-G,819,1,,,,835.66,16.66,,,
8499852-G,0,1,,,,0,0,,,
8526009-G,7,1,,,,6.76,-0.24,,,
8571639-P,0,1,,,,7.75,7.75,,,
8590349-G,9,,,,1,,,,,
8603723-G,134,1,,,,735.32,601.32,,,
8625421-P,0,1,,,,1.19,1.19,,,
8672682-G,0,1,,,,0,0,,,
8673641-P,0,1,,,,5.36,5.36,,,
8696433-P,0,1,,,,0.2,0.2,,,
8706863-G,188,1,,,,178.02,-9.98,,,
8733560-G,1368,1,,,,1423.75,55.75,,,
8742265-G,45,1,,,,43.11,-1.89,,,
8751335-G,53,1,,,,49.27,-3.73,,,
8754629-G,7,1,,,,15.89,8.89,,,
8763313-P,0,1,,,,2.58,2.58,,,
8780527-P,0,1,,,,0,0,,,
8790850-G,570,1,,,,857.91,287.91,,,
8791159-G,0,1,,,,0,0,,,
8817514-P,714,1,,,,646.71,-67.29,,,
8818879-P,0,1,,,,3.18,3.18,,,
8837329-P,0,1,,,,0,0,,,
8879605-G,0,1,,,,1.99,1.99,,,
8899909-G,0,1,,,,3.97,3.97,,,
8900503-G,1082,1,,,,1045.66,-36.34,,,
8914941-P,0,1,,,,0,0,,,
8919968-G,6,1,,,,5.36,-0.64,,,
8922756-P,53,1,,,,61.59,8.59,,,
8926736-P,13,1,,,,12.52,-0.48,,,
8927988-P,0,1,,,,11.72,11.72,,,
8960916-P,439,1,,,,427.96,-11.04,,,
8983764-P,0,1,,,,1.39,1.39,,,
8997760-P,1413,1,,,,2519.68,1106.68,,,
8999288-G,518,1,,,,513.2,-4.8,,,
9048695-P,530,1,,,,525.12,-4.88,,,
9054073-G,369,,,,1,,,,,
9081894-P,77,1,,,,75.1,-1.9,,,
9089434-G,0,1,,,,0,0,,,
9100781-G,0,1,,,,1.99,1.99,,,
9221141-P,0,1,,,,0,0,,,
9243861-G,11,1,,,,45.3,34.3,,,
9247454-P,0,1,,,,0.4,0.4,,,
9263472-P,0,1,,,,31.39,31.39,,,
9294717-P,136,1,,,,123.18,-12.82,,,
9323697-G,71,1,,,,65.37,-5.63,,,
9351842-G,38,1,,,,37.15,-0.85,,,
9377462-G,0,1,,,,0,0,,,
9383237-G,20,1,,,,19.67,-0.33,,,
9393435-G,1176,1,,,,1133.28,-42.72,,,
9394234-G,0,1,,,,0,0,,,
9404915-G,83,1,,,,83.45,0.45,,,
9404926-P,93,1,,,,88.61,-4.39,,,
9405076-P,0,1,,,,0.79,0.79,,,
9405758-G,2,1,,,,4.37,2.37,,,
9407798-P,913,1,,,,977.52,64.52,,,
9408611-G,361,1,,,,281.73,-79.27,,,
9409078-P,32,1,,,,31.19,-0.81,,,
9409396-G,507,1,,,,497.3,-9.7,,,
9409738-P,0,1,,,,1.19,1.19,,,
9417952-G,8099,1,,,,7384.61,-714.39,,,
9436548-G,0,1,,,,0,0,,,
9436866-G,8,1,,,,6.95,-1.05,,,
9436888-G,146,1,,,,142.45,-3.55,,,
9440135-P,711,1,,,,685.65,-25.35,,,
9440168-G,554,1,,,,1511.97,957.97,,,
9441309-P,194,1,,,,183.18,-10.82,,,
9441354-P,1,1,,,,2.78,1.78,,,
9449132-G,0,1,,,,0,0,,,
9457765-P,0,1,,,,0,0,,,
9462231-G,72,1,,,,71.92,-0.08,,,
9462957-G,0,1,,,,155.17,155.17,,,
9465934-G,104,1,,,,107.29,3.29,,,
9473396-G,0,1,,,,2.78,2.78,,,
9496564-G,0,1,,,,0,0,,,
9500123-P,39,1,,,,35.56,-3.44,,,
9509153-G,0,1,,,,0,0,,,
9529026-G,0,1,,,,0.4,0.4,,,
9529968-G,0,,,,1,,,,,
9533760-P,0,1,,,,0.2,0.2,,,
9538709-G,844,1,,,,943.54,99.54,,,
9548554-G,62,1,,,,74.51,12.51,,,
9559959-P,0,1,,,,0,0,,,
9562894-P,9,1,,,,8.34,-0.66,,,
9603398-G,0,1,,,,1.19,1.19,,,
9629510-G,0,1,,,,0,0,,,
9636833-G,395,1,,,,2349.81,1954.81,,,
9653401-G,0,1,,,,0.2,0.2,,,
9665570-G,40,1,,,,39.54,-0.46,,,
9685409-G,0,1,,,,0,0,,,
9728545-G,47,1,,,,42.52,-4.48,,,
9744905-G,13,1,,,,13.11,0.11,,,
9805576-P,101,1,,,,119.01,18.01,,,
9806660-G,1100,1,,,,1062.95,-37.05,,,
9818557-P,0,1,,,,0,0,,,
9834564-P,4,1,,,,4.37,0.37,,,
9845163-G,3341,1,,,,3119.73,-221.27,,,
9865309-P,860,1,,,,785.19,-74.81,,,
9976049-G,243,1,,,,235.24,-7.76,,,
9997584-G,0,1,,,,2.38,2.38,,,
10013599-G,208,1,,,,367.36,159.36,,,
10015017-P,0,1,,,,18.48,18.48,,,
10031911-G,0,1,,,,0,0,,,
10055400-G,0,1,,,,0,0,,,
10065437-P,0,1,,,,23.44,23.44,,,
10102031-G,97,1,,,,84.64,-12.36,,,
10169843-G,0,1,,,,0,0,,,
10175005-P,47,1,,,,231.27,184.27,,,
10183707-P,0,1,,,,2.38,2.38,,,
10195490-G,0,1,,,,2.58,2.58,,,
10197236-G,0,1,,,,0,0,,,
10223764-G,273,1,,,,281.53,8.53,,,
10234750-G,0,1,,,,0,0,,,
10273628-G,0,1,,,,0,0,,,
10304184-P,28,1,,,,25.83,-2.17,,,
10304195-P,0,1,,,,0,0,,,
10344146-G,0,1,,,,0.2,0.2,,,
10358448-P,1000,1,,,,2107.6,1107.6,,,
10359429-G,187,1,,,,176.03,-10.97,,,
10366117-G,72,1,,,,129.54,57.54,,,
10366140-G,0,1,,,,0.79,0.79,,,
10366979-G,0,1,,,,16.29,16.29,,,
10367723-P,0,1,,,,0,0,,,
10367927-G,97,1,,,,1.19,-95.81,,,
10371912-P,0,1,,,,8.74,8.74,,,
10400734-P,40,1,,,,36.95,-3.05,,,
10406958-G,0,1,,,,0,0,,,
10419202-G,352,1,,,,335.38,-16.62,,,
10421564-G,40,1,,,,51.06,11.06,,,
10430656-P,383,1,,,,410.68,27.68,,,
10434001-G,266,1,,,,261.47,-4.53,,,
10454441-P,0,1,,,,0,0,,,
10454452-G,0,1,,,,0,0,,,
10519810-P,185,1,,,,177.62,-7.38,,,
10553738-P,93,1,,,,163.91,70.91,,,
10611026-G,4,1,,,,3.38,-0.62,,,
10618196-P,101,1,,,,110.67,9.67,,,
10654010-G,0,1,,,,0.79,0.79,,,
10664309-G,0,1,,,,0,0,,,
10690694-G,69,1,,,,64.77,-4.23,,,
10694583-P,0,1,,,,7.15,7.15,,,
10694981-P,0,1,,,,24.64,24.64,,,
10695075-P,0,1,,,,0,0,,,
10702417-P,0,1,,,,0.4,0.4,,,
10714348-G,0,1,,,,1.39,1.39,,,
10720737-G,0,1,,,,0,0,,,
10725947-G,60,1,,,,378.29,318.29,,,
10728388-G,0,1,,,,0.79,0.79,,,
10738633-G,0,1,,,,49.87,49.87,,,
10773394-P,0,1,,,,17.88,17.88,,,
10799414-G,0,1,,,,5.17,5.17,,,
10824905-G,0,1,,,,6.95,6.95,,,
10831273-P,194,1,,,,197.09,3.09,,,
10831740-P,396,1,,,,474.85,78.85,,,
10833893-P,0,1,,,,0,0,,,
10847139-P,138,1,,,,135.3,-2.7,,,
10881513-P,0,1,,,,0,0,,,
10935350-G,67,1,,,,68.15,1.15,,,
10935703-G,0,1,,,,0.2,0.2,,,
10946711-P,1471,1,,,,1457.53,-13.47,,,
10976995-P,0,1,,,,0,0,,,
10982384-P,93,1,,,,86.63,-6.37,,,
10982408-P,0,1,,,,0.79,0.79,,,
10991181-P,239,1,,,,223.72,-15.28,,,
10997930-G,26,1,,,,31.39,5.39,,,
11028685-G,149,1,,,,161.33,12.33,,,
11063017-P,52,1,,,,183.58,131.58,,,
11078618-G,19,1,,,,19.87,0.87,,,
11115018-P,0,1,,,,0,0,,,
11138297-G,0,1,,,,0.4,0.4,,,
11149590-P,300,1,,,,285.9,-14.1,,,
11151136-P,624,,,,1,,,,,
11174882-G,12,1,,,,12.32,0.32,,,
11199556-G,0,1,,,,0.99,0.99,,,
11200570-G,1,1,,,,20.86,19.86,,,
11203637-P,46,1,,,,57.82,11.82,,,
11266276-P,38,1,,,,36.16,-1.84,,,
11267757-G,5,1,,,,8.74,3.74,,,
11272029-G,68,1,,,,63.38,-4.62,,,
11273839-P,154,1,,,,152.79,-1.21,,,
11293155-P,295,1,,,,292.46,-2.54,,,
11318608-G,28,1,,,,28.41,0.41,,,
11325669-P,479,1,,,,615.32,136.32,,,
11326480-G,32,1,,,,30.99,-1.01,,,
11338286-G,101,1,,,,101.13,0.13,,,
11369645-G,743,1,,,,1249.11,506.11,,,
11392986-G,16,1,,,,119.81,103.81,,,
11407275-P,1,1,,,,0.4,-0.6,,,
11418829-P,431,1,,,,416.83,-14.17,,,
11425040-G,0,1,,,,0,0,,,
11425777-G,0,1,,,,0.2,0.2,,,
11426463-P,1114,1,,,,2393.12,1279.12,,,
11427580-G,53,1,,,,73.11,20.11,,,
11431224-G,10,1,,,,9.14,-0.86,,,
11442732-G,0,1,,,,0,0,,,
11455213-P,0,1,,,,2.38,2.38,,,
11458698-G,24,1,,,,22.25,-1.75,,,
11514173-G,0,1,,,,0.6,0.6,,,
11514902-P,68,1,,,,65.37,-2.63,,,
11518404-G,0,1,,,,2.58,2.58,,,
11521521-P,0,1,,,,0,0,,,
11557963-G,0,1,,,,0,0,,,
11560604-P,153,1,,,,145.04,-7.96,,,
11561878-P,2,1,,,,2.38,0.38,,,
11571009-P,0,1,,,,0,0,,,
11578566-P,1,1,,,,35.96,34.96,,,
11610449-G,429,1,,,,440.08,11.08,,,
11613595-G,0,1,,,,0,0,,,
11618114-P,85,1,,,,81.66,-3.34,,,
11630016-G,0,1,,,,31.79,31.79,,,
11630447-G,0,1,,,,78.88,78.88,,,
11653002-G,27,1,,,,45.5,18.5,,,
11663368-P,0,1,,,,0,0,,,
11674354-G,0,1,,,,0,0,,,
11734159-P,0,1,,,,27.62,27.62,,,
11756186-P,374,1,,,,403.52,29.52,,,
11812683-P,1,1,,,,0.79,-0.21,,,
11813404-G,0,1,,,,0,0,,,
11829677-P,0,1,,,,263.85,263.85,,,
11851493-P,106,1,,,,199.67,93.67,,,
11903790-P,178,1,,,,173.65,-4.35,,,
11934240-G,29,1,,,,25.83,-3.17,,,
11942351-P,10,1,,,,14.11,4.11,,,
12031515-G,0,1,,,,0,0,,,
12050510-P,0,1,,,,104.51,104.51,,,
12064118-P,128,1,,,,126.56,-1.44,,,
12064152-P,0,1,,,,6.76,6.76,,,
12064505-G,292,1,,,,262.46,-29.54,,,
12064709-G,0,1,,,,44.31,44.31,,,
12064743-G,192,1,,,,182.19,-9.81,,,
12065597-G,0,1,,,,0,0,,,
12068529-G,5,1,,,,45.1,40.1,,,
12069339-G,234,1,,,,226.7,-7.3,,,
12069908-P,117,1,,,,112.06,-4.94,,,
12071055-G,172,1,,,,231.86,59.86,,,
12083168-P,0,1,,,,0,0,,,
12089600-G,14,1,,,,11.92,-2.08,,,
12163245-P,0,1,,,,0,0,,,
12164066-G,867,1,,,,1006.92,139.92,,,
12164511-G,1668,1,,,,1692.17,24.17,,,
12176191-P,0,1,,,,38.74,38.74,,,
12184031-G,0,1,,,,17.68,17.68,,,
12189161-G,4,1,,,,3.18,-0.82,,,
12207599-G,0,1,,,,18.28,18.28,,,
12237397-G,0,1,,,,35.76,35.76,,,
12254089-G,12,1,,,,35.96,23.96,,,
12255253-G,76,1,,,,183.98,107.98,,,
12263466-G,0,1,,,,65.37,65.37,,,
12264094-G,19,1,,,,103.31,84.31,,,
12273426-P,623,1,,,,611.15,-11.85,,,
12279504-G,5,1,,,,5.17,0.17,,,
12279571-G,0,1,,,,0,0,,,
12284581-G,707,1,,,,1054.21,347.21,,,
12288163-P,0,1,,,,0.2,0.2,,,
12313610-G,0,1,,,,0,0,,,
12324640-P,0,1,,,,1.19,1.19,,,
12331509-P,19,1,,,,19.07,0.07,,,
12342186-G,1,1,,,,2.38,1.38,,,
12343338-G,0,1,,,,0,0,,,
12348913-P,0,1,,,,0,0,,,
12349450-P,130,1,,,,122.99,-7.01,,,
12349529-P,657,1,,,,643.13,-13.87,,,
12349552-P,1,1,,,,0.79,-0.21,,,
12358553-P,0,1,,,,1.79,1.79,,,
12364475-G,0,1,,,,11.52,11.52,,,
12372519-P,29,1,,,,28.21,-0.79,,,
12373205-P,160,1,,,,154.97,-5.03,,,
12382820-P,44,1,,,,238.22,194.22,,,
12383130-G,20,1,,,,20.66,0.66,,,
12383958-G,0,1,,,,7.55,7.55,,,
12384633-G,0,1,,,,3.77,3.77,,,
12390577-P,0,1,,,,0,0,,,
12400474-P,1141,1,,,,1110.43,-30.57,,,
12417833-G,0,1,,,,0,0,,,
12439973-G,137,1,,,,137.69,0.69,,,
12460672-P,0,1,,,,0,0,,,
12460707-G,197,1,,,,189.15,-7.85,,,
12477677-P,21,1,,,,20.31,-0.69,,,
12488334-G,0,1,,,,0,0,,,
12496401-P,0,1,,,,5.56,5.56,,,
12497175-G,10,1,,,,56.03,46.03,,,
12516620-P,7,1,,,,6.76,-0.24,,,
12517690-G,1,1,,,,22.65,21.65,,,
12528675-P,7,1,,,,6.56,-0.44,,,
12560600-P,159,1,,,,193.91,34.91,,,
12561125-G,0,1,,,,108.48,108.48,,,
12578131-G,0,1,,,,3.18,3.18,,,
12587767-G,293,1,,,,298.62,5.62,,,
12588771-G,0,1,,,,0,0,,,
12612576-P,13,1,,,,12.72,-0.28,,,
12614801-G,3,1,,,,9.93,6.93,,,
12615677-G,0,1,,,,0,0,,,
12625660-G,13,1,,,,13.51,0.51,,,
12625911-G,0,1,,,,0,0,,,
12625955-G,1,1,,,,0,-1,,,
12641928-G,0,1,,,,0,0,,,
12656109-G,74,1,,,,60.2,-13.8,,,
12744637-G,0,1,,,,1.39,1.39,,,
12749007-P,89,1,,,,84.24,-4.76,,,
12782477-P,112,1,,,,2428.09,2316.09,,,
12788475-P,29,1,,,,28.01,-0.99,,,
12788964-G,148,1,,,,139.87,-8.13,,,
12820256-G,301,1,,,,296.23,-4.77,,,
12837477-P,95,1,,,,91,-4,,,
12838889-G,321,1,,,,310.94,-10.06,,,
12857748-P,0,1,,,,0,0,,,
12862634-P,573,1,,,,575.98,2.98,,,
12867582-G,0,1,,,,0,0,,,
12894596-G,156,1,,,,216.17,60.17,,,
12917098-G,0,1,,,,19.07,19.07,,,
12930879-G,295,1,,,,419.62,124.62,,,
12930915-G,51,1,,,,51.66,0.66,,,
12932411-G,128,1,,,,124.57,-3.43,,,
12933196-P,1543,1,,,,1503.23,-39.77,,,
12939570-G,333,1,,,,334.58,1.58,,,
12942380-G,167,1,,,,169.08,2.08,,,
12965150-G,0,1,,,,0,0,,,
12966108-P,347,1,,,,391.4,44.4,,,
12966493-P,9,1,,,,1335.74,1326.74,,,
12967156-P,0,1,,,,0,0,,,
12967485-P,103,1,,,,95.37,-7.63,,,
12967667-P,0,1,,,,0,0,,,
12984053-G,0,1,,,,0,0,,,
13005000-G,0,1,,,,8.94,8.94,,,
13027139-P,0,1,,,,0,0,,,
13033084-P,0,1,,,,0,0,,,
13087382-G,0,1,,,,0.99,0.99,,,
13089173-P,86,1,,,,83.05,-2.95,,,
13089220-G,1,1,,,,0.6,-0.4,,,
13090396-G,622,1,,,,747.84,125.84,,,
13091855-G,0,1,,,,0.4,0.4,,,
13091866-G,4,1,,,,4.17,0.17,,,
13091877-G,0,1,,,,1.59,1.59,,,
13091888-G,0,1,,,,0,0,,,
13092052-P,1,1,,,,148.02,147.02,,,
13103156-P,0,1,,,,0.2,0.2,,,
13153565-G,11,1,,,,10.93,-0.07,,,
13159790-G,158,1,,,,149.21,-8.79,,,
13167629-G,45,1,,,,133.32,88.32,,,
13193367-P,3,1,,,,1.79,-1.21,,,
13222689-G,3693,1,,,,3598.92,-94.08,,,
13239844-P,69,1,,,,68.35,-0.65,,,
13243204-P,100,1,,,,105.5,5.5,,,
13245404-G,28,1,,,,28.41,0.41,,,
13253399-P,0,1,,,,0,0,,,
13266609-G,0,1,,,,0,0,,,
13282127-P,8,1,,,,36.76,28.76,,,
13285262-G,25,1,,,,25.03,0.03,,,
13288374-P,0,1,,,,1.19,1.19,,,
13289797-G,63,1,,,,62.39,-0.61,,,
13289899-G,1395,1,,,,1277.13,-117.87,,,
13300486-G,30,1,,,,29.21,-0.79,,,
13321545-G,1342,1,,,,1244.74,-97.26,,,
13326493-P,70,1,,,,75.9,5.9,,,
13384946-G,0,1,,,,2.78,2.78,,,
13387183-P,0,1,,,,30.6,30.6,,,
13395192-G,201,1,,,,193.91,-7.09,,,
13395396-P,115,1,,,,120.6,5.6,,,
13418490-G,53,1,,,,1938.54,1885.54,,,
13459079-G,274,1,,,,251.93,-22.07,,,
13471108-G,0,1,,,,0,0,,,
13471482-G,0,1,,,,103.51,103.51,,,
13471722-G,0,1,,,,0,0,,,
13472678-G,5,1,,,,3.77,-1.23,,,
13472736-G,0,1,,,,0.2,0.2,,,
13479168-G,17,1,,,,17.88,0.88,,,
13481500-G,0,1,,,,0,0,,,
13481511-G,1348,1,,,,1239.18,-108.82,,,
13481680-G,0,1,,,,0,0,,,
13528024-P,10,1,,,,11.92,1.92,,,
13539850-G,0,1,,,,0,0,,,
13552120-G,909,1,,,,884.93,-24.07,,,
13552164-G,0,1,,,,0,0,,,
13552562-G,13,1,,,,11.92,-1.08,,,
13557487-G,0,1,,,,0,0,,,
13563047-G,335,1,,,,318.88,-16.12,,,
13603786-G,94,1,,,,88.61,-5.39,,,
13604290-G,51,1,,,,50.47,-0.53,,,
13607335-G,0,1,,,,0,0,,,
13607493-G,340,1,,,,657.24,317.24,,,
13607926-P,14,1,,,,12.52,-1.48,,,
13608032-G,6,1,,,,6.16,0.16,,,
13608236-G,1,1,,,,0.79,-0.21,,,
13608361-P,17,1,,,,43.51,26.51,,,
13608769-G,370,1,,,,342.13,-27.87,,,
13615468-G,548,,,,1,,,,,
13638192-P,0,1,,,,0,0,,,
13668581-G,0,1,,,,0.2,0.2,,,
13734059-G,0,1,,,,0,0,,,
13734479-P,747,1,,,,710.69,-36.31,,,
13735961-P,0,1,,,,0,0,,,
13736282-G,441,1,,,,449.62,8.62,,,
13760833-G,17,1,,,,15.1,-1.9,,,
13811444-G,0,1,,,,0,0,,,
13837837-P,12,1,,,,8.54,-3.46,,,
13838067-P,0,1,,,,0,0,,,
13838078-P,0,1,,,,0,0,,,
13838556-P,23,1,,,,37.35,14.35,,,
13886969-G,133,1,,,,127.75,-5.25,,,
13915009-P,0,1,,,,0,0,,,
13922811-P,5,1,,,,4.37,-0.63,,,
13932473-P,0,1,,,,0,0,,,
13947916-P,52,1,,,,51.66,-0.34,,,
13959143-P,103,1,,,,94.57,-8.43,,,
13984242-G,1,1,,,,9.93,8.93,,,
13992819-G,1872,1,,,,1902.18,30.18,,,
14017051-P,0,1,,,,1.59,1.59,,,
14017084-P,6,1,,,,54.64,48.64,,,
14018930-P,0,1,,,,0,0,,,
14019068-G,395,1,,,,737.71,342.71,,,
14046481-G,218,1,,,,209.61,-8.39,,,
14051537-P,0,1,,,,385.04,385.04,,,
14057740-G,0,1,,,,2.98,2.98,,,
14087548-P,421,1,,,,474.85,53.85,,,
14102900-G,0,1,,,,0,0,,,
14104484-G,430,1,,,,435.71,5.71,,,
14133154-G,0,1,,,,0,0,,,
14133892-P,84,1,,,,106.69,22.69,,,
14152579-P,22,1,,,,26.42,4.42,,,
14153174-G,472,1,,,,245.97,-226.03,,,
14160566-G,0,1,,,,0,0,,,
14163838-G,0,1,,,,3.18,3.18,,,
14165425-G,0,1,,,,6.56,6.56,,,
14165436-G,101,1,,,,97.16,-3.84,,,
14165663-P,137,1,,,,385.44,248.44,,,
14165981-P,0,1,,,,50.27,50.27,,,
14166406-G,56,1,,,,51.06,-4.94,,,
14167034-G,0,1,,,,0.2,0.2,,,
14168184-G,62,1,,,,63.18,1.18,,,
14168219-G,0,1,,,,84.44,84.44,,,
14168935-P,640,1,,,,608.96,-31.04,,,
14168946-P,0,1,,,,0.2,0.2,,,
14173638-G,52,1,,,,49.47,-2.53,,,
14225719-G,0,1,,,,0.4,0.4,,,
14231904-G,0,1,,,,0,0,,,
14253146-P,0,1,,,,0,0,,,
14254252-G,44,1,,,,41.33,-2.67,,,
14271148-P,179,1,,,,453.19,274.19,,,
14274318-P,1,1,,,,0.4,-0.6,,,
14279120-G,0,1,,,,0,0,,,
14297019-G,0,1,,,,31.79,31.79,,,
14316564-G,48,1,,,,49.47,1.47,,,
14333881-P,0,1,,,,0,0,,,
14596588-G,66,1,,,,171.46,105.46,,,
14607422-G,0,1,,,,0.79,0.79,,,
14618907-G,0,1,,,,0,0,,,
14631686-P,209,1,,,,241.4,32.4,,,
14668521-G,14,1,,,,29.21,15.21,,,
14675413-G,0,1,,,,0,0,,,
14675457-G,208,1,,,,201.66,-6.34,,,
14676074-P,0,1,,,,38.54,38.54,,,
14682065-P,0,1,,,,2.78,2.78,,,
14685359-P,0,1,,,,0,0,,,
14689895-P,83,1,,,,80.66,-2.34,,,
14692672-P,13,1,,,,12.12,-0.88,,,
14718322-G,0,1,,,,0,0,,,
14718457-G,1106,1,,,,1089.98,-16.02,,,
14722782-P,0,1,,,,0,0,,,
14722942-G,7,1,,,,5.76,-1.24,,,
14750642-G,0,1,,,,0.4,0.4,,,
14750686-P,0,1,,,,0.4,0.4,,,
14779512-G,0,1,,,,0,0,,,
14791845-P,18,1,,,,17.68,-0.32,,,
14800034-G,340,1,,,,331.4,-8.6,,,
14800114-G,0,1,,,,0,0,,,
14803237-G,26,1,,,,26.42,0.42,,,
14804810-G,0,1,,,,0,0,,,
14808243-G,79,1,,,,75.9,-3.1,,,
14813355-G,0,1,,,,3.58,3.58,,,
14818474-G,51,1,,,,49.87,-1.13,,,
14818861-G,0,1,,,,0.2,0.2,,,
14818894-G,130,1,,,,130.14,0.14,,,
14820703-P,0,1,,,,0,0,,,
14848465-P,3,1,,,,3.18,0.18,,,
14848501-G,0,1,,,,8.94,8.94,,,
14851208-G,210,1,,,,206.23,-3.77,,,
14865942-G,0,1,,,,0.2,0.2,,,
14879584-G,0,1,,,,3.18,3.18,,,
14880138-P,0,1,,,,3.97,3.97,,,
14880321-G,203,1,,,,205.24,2.24,,,
14880343-G,12,1,,,,10.33,-1.67,,,
14888290-G,691,1,,,,674.33,-16.67,,,
14888358-P,469,1,,,,533.86,64.86,,,
14898512-P,13,1,,,,44.5,31.5,,,
14913010-G,0,1,,,,0,0,,,
14913430-P,0,1,,,,0,0,,,
14913714-P,884,1,,,,2270.54,1386.54,,,
14913941-G,2,1,,,,9.74,7.74,,,
14916893-P,0,1,,,,141.46,141.46,,,
14927345-G,1233,1,,,,1180.77,-52.23,,,
14960420-P,0,1,,,,0.2,0.2,,,
14961569-P,1242,,1,,,1213.36,-28.64,,,
14966984-P,99,1,,,,89.8,-9.2,,,
14970537-P,161,1,,,,160.14,-0.86,,,
14985467-P,333,1,,,,344.71,11.71,,,
14985627-G,0,1,,,,0.2,0.2,,,
14985650-P,50,1,,,,50.47,0.47,,,
15010034-P,0,1,,,,5.96,5.96,,,
15025884-P,0,1,,,,0,0,,,
15064627-G,82,1,,,,81.46,-0.54,,,
15066985-G,0,1,,,,0,0,,,
15078985-G,0,1,,,,0,0,,,
15098610-P,0,1,,,,0,0,,,
15112966-P,0,1,,,,0,0,,,
15124444-G,883,1,,,,887.11,4.11,,,
15131563-P,571,1,,,,553.96,-17.04,,,
15132180-P,222,1,,,,221.13,-0.87,,,
15167074-G,0,1,,,,0,0,,,
15181290-P,5,1,,,,3.97,-1.03,,,
15182157-G,0,1,,,,30.6,30.6,,,
15197827-P,1471,,1,,,2186.69,715.69,,,
15198615-P,85,1,,,,131.92,46.92,,,
15218038-P,0,1,,,,2.38,2.38,,,
15226354-P,364,1,,,,399.35,35.35,,,
15231488-P,0,1,,,,0,0,,,
15231911-G,0,1,,,,0,0,,,
15255002-P,0,1,,,,0,0,,,
15273684-P,0,1,,,,0,0,,,
15277153-G,124,1,,,,1706.28,1582.28,,,
15277164-P,0,1,,,,18.28,18.28,,,
15290127-P,0,1,,,,28.21,28.21,,,
15292805-G,0,1,,,,0.2,0.2,,,
15305632-G,234,1,,,,246.96,12.96,,,
15319149-G,105,1,,,,98.35,-6.65,,,
15321401-G,0,1,,,,0,0,,,
15326939-P,102,1,,,,108.08,6.08,,,
15335009-G,0,1,,,,0,0,,,
15336239-G,74,1,,,,74.31,0.31,,,
15336773-G,3,1,,,,5.17,2.17,,,
15336784-G,0,1,,,,2.78,2.78,,,
15366162-G,4,1,,,,131.33,127.33,,,
15367518-G,4,1,,,,6.95,2.95,,,
15368635-G,0,1,,,,839.03,839.03,,,
15375709-G,110,1,,,,107.69,-2.31,,,
15377965-G,10,1,,,,98.35,88.35,,,
15378800-G,0,1,,,,63.98,63.98,,,
15382453-G,0,1,,,,0,0,,,
15403551-G,0,1,,,,0,0,,,
15403608-P,0,1,,,,0,0,,,
15403993-G,0,1,,,,0,0,,,
15404098-G,104,1,,,,149.81,45.81,,,
15404678-G,101,1,,,,251.73,150.73,,,
15453608-G,0,1,,,,2.19,2.19,,,
15455524-G,39,1,,,,41.72,2.72,,,
15459140-G,3,1,,,,3.18,0.18,,,
15512591-G,192,1,,,,188.75,-3.25,,,
15519581-P,0,1,,,,0,0,,,
15532113-G,26,1,,,,23.25,-2.75,,,
15537801-G,0,1,,,,0,0,,,
15539589-G,393,1,,,,383.46,-9.54,,,
15549356-G,1167,,1,,,1139.24,-27.76,,,
15549889-P,1,1,,,,0.4,-0.6,,,
15553512-G,37,1,,,,34.37,-2.63,,,
15556500-P,0,1,,,,14.7,14.7,,,
15563436-P,18,1,,,,244.58,226.58,,,
15564871-G,0,1,,,,0,0,,,
15564984-G,156,1,,,,242.39,86.39,,,
15570862-G,0,1,,,,0,0,,,
15580719-G,0,1,,,,0,0,,,
15580968-G,0,1,,,,0,0,,,
15581234-G,33,1,,,,32.78,-0.22,,,
15581927-G,0,1,,,,10.73,10.73,,,
15585190-G,0,1,,,,0,0,,,
15629400-G,0,1,,,,0.4,0.4,,,
15629466-G,0,1,,,,7.55,7.55,,,
15629568-G,0,1,,,,0.2,0.2,,,
15646114-P,96,1,,,,81.26,-14.74,,,
15648621-G,24,1,,,,23.05,-0.95,,,
15660250-P,0,1,,,,36.76,36.76,,,
15699419-G,0,1,,,,0,0,,,
15702666-P,468,1,,,,484.59,16.59,,,
15716242-G,0,1,,,,0,0,,,
15718668-P,0,1,,,,152.59,152.59,,,
15750831-G,1007,,1,,,1518.33,511.33,,,
15753078-G,1163,,,,1,,,,,
15755109-G,20,1,,,,93.38,73.38,,,
15762295-G,816,1,,,,788.77,-27.23,,,
15779654-P,0,1,,,,0,0,,,
15793369-P,0,1,,,,0.79,0.79,,,
15798251-P,1628,,1,,,1708.07,80.07,,,
15832732-G,7,1,,,,58.02,51.02,,,
15842612-G,23,1,,,,101.33,78.33,,,
15842952-P,79,1,,,,149.21,70.21,,,
15862381-G,33,1,,,,36.36,3.36,,,
15867239-G,11,1,,,,11.13,0.13,,,
15868710-G,652,1,,,,623.07,-28.93,,,
15898370-P,10,1,,,,9.54,-0.46,,,
15916593-P,0,1,,,,0,0,,,
15932588-P,85,,,,1,,,,,
15945343-G,29,1,,,,24.84,-4.16,,,
15945638-G,0,1,,,,0,0,,,
15945956-P,6,1,,,,63.38,57.38,,,
15948046-G,0,1,,,,5.96,5.96,,,
15951709-G,65,1,,,,61.79,-3.21,,,
15952315-G,275,1,,,,2081.59,1806.59,,,
15952520-P,0,1,,,,0,0,,,
15956044-P,429,,1,,,470.08,41.08,,,
15960562-P,77,1,,,,82.45,5.45,,,
15967938-G,0,1,,,,1.79,1.79,,,
15998444-G,44,1,,,,44.11,0.11,,,
16000161-P,0,1,,,,0.79,0.79,,,
16002838-P,542,,1,,,2893.6,2351.6,,,
16003659-P,0,1,,,,0,0,,,
16004107-P,0,1,,,,76.29,76.29,,,
16026474-G,0,1,,,,0,0,,,
16028696-G,69,1,,,,69.14,0.14,,,
16034187-G,193,1,,,,181.4,-11.6,,,
16049244-G,0,1,,,,0,0,,,
16049471-G,239,1,,,,224.91,-14.09,,,
16056987-G,1,1,,,,45.7,44.7,,,
16059146-P,0,1,,,,0,0,,,
16059157-G,219,1,,,,212.59,-6.41,,,
16059191-P,0,1,,,,41.52,41.52,,,
16059613-G,0,1,,,,0,0,,,
16059657-G,7,1,,,,8.15,1.15,,,
16059771-G,39,1,,,,37.35,-1.65,,,
16059828-P,686,,1,,,686.64,0.64,,,
16059975-P,32,1,,,,29.8,-2.2,,,
16061511-P,240,1,,,,233.25,-6.75,,,
16066878-G,0,1,,,,0,0,,,
16071015-G,214,1,,,,302.79,88.79,,,
16071184-P,195,1,,,,191.73,-3.27,,,
16071468-P,0,1,,,,10.53,10.53,,,
16071606-G,0,1,,,,5.36,5.36,,,
16071651-P,0,1,,,,0,0,,,
16071775-G,0,1,,,,4.97,4.97,,,
16071980-P,0,1,,,,0,0,,,
16074376-G,176,1,,,,170.67,-5.33,,,
16091013-P,4,1,,,,2.98,-1.02,,,
16091386-P,114,1,,,,107.29,-6.71,,,
16096881-G,288,1,,,,1370.51,1082.51,,,
16114151-P,1,1,,,,20.27,19.27,,,
16134228-P,0,1,,,,0,0,,,
16136553-G,0,1,,,,0,0,,,
16140673-P,0,1,,,,0,0,,,
16155310-P,446,,1,,,484.79,38.79,,,
16169361-P,1269,,,1,,1087.78,-181.22,,,
16170459-G,103,1,,,,101.73,-1.27,,,
16176026-P,207,1,,,,203.05,-3.95,,,
16176037-P,68,,1,,,117.62,49.62,,,
16176117-P,0,1,,,,0,0,,,
16176388-P,20,,1,,,18.68,-1.32,,,
16176479-G,129,1,,,,126.96,-2.04,,,
16176504-P,0,1,,,,5.56,5.56,,,
16176571-P,15,,1,,,13.91,-1.09,,,
16176673-P,153,1,,,,246.56,93.56,,,
16176797-G,0,1,,,,0,0,,,
16176833-P,0,1,,,,0,0,,,
16182255-P,0,1,,,,0.6,0.6,,,
16184035-P,422,,1,,,428.56,6.56,,,
16185141-G,0,1,,,,0,0,,,
16185152-G,0,1,,,,0,0,,,
16185185-G,0,1,,,,0,0,,,
16185276-P,25,,1,,,28.81,3.81,,,
16185629-G,0,1,,,,0,0,,,
16185710-P,50,,1,,,48.28,-1.72,,,
16188208-P,0,1,,,,0.2,0.2,,,
16192237-G,4,1,,,,3.18,-0.82,,,
16194335-P,0,1,,,,0,0,,,
16194517-P,704,,1,,,677.31,-26.69,,,
16194686-G,0,1,,,,18.08,18.08,,,
16194788-G,559,,1,,,543.99,-15.01,,,
16194915-G,39,,1,,,42.92,3.92,,,
16194937-P,16,,1,,,16.49,0.49,,,
16195009-P,0,1,,,,0,0,,,
16198144-P,19,,1,,,20.86,1.86,,,
16198177-G,109,1,,,,107.88,-1.12,,,
16198315-P,0,1,,,,0,0,,,
16198382-P,4,1,,,,4.37,0.37,,,
16198393-G,312,1,,,,298.62,-13.38,,,
16198757-G,0,1,,,,1.59,1.59,,,
16198768-G,111,1,,,,102.72,-8.28,,,
16198826-P,174,1,,,,170.47,-3.53,,,
16199512-P,0,1,,,,85.43,85.43,,,
16205064-P,0,1,,,,0,0,,,
16205393-G,0,1,,,,0,0,,,
16205519-P,0,1,,,,0,0,,,
16205939-P,0,1,,,,0.2,0.2,,,
16221480-P,95,,1,,,90,-5,,,
16236605-P,0,1,,,,0.2,0.2,,,
16242663-G,6,1,,,,5.96,-0.04,,,
16251095-G,0,1,,,,30.6,30.6,,,
16254641-P,79,,1,,,77.49,-1.51,,,
16263835-G,7,1,,,,5.17,-1.83,,,
16285204-G,0,1,,,,102.72,102.72,,,
16285339-G,947,,,,1,,,,,
16285362-G,0,1,,,,0,0,,,
16285873-G,0,1,,,,0,0,,,
16287528-P,0,1,,,,0,0,,,
16291013-P,0,1,,,,0,0,,,
16291080-P,30,,1,,,27.62,-2.38,,,
16291104-P,0,1,,,,0,0,,,
16291284-P,0,1,,,,0,0,,,
16291422-G,44,,1,,,43.71,-0.29,,,
16291433-G,1535,,,1,,1440.44,-94.56,,,
16291524-P,0,1,,,,0,0,,,
16291604-P,36,,1,,,33.58,-2.42,,,
16291784-P,65,,1,,,59.41,-5.59,,,
16292538-P,27,,1,,,24.24,-2.76,,,
16294705-P,96,,1,,,90.2,-5.8,,,
16294965-P,0,1,,,,0,0,,,
16300268-G,476,,1,,,466.31,-9.69,,,
16301067-P,14,,1,,,13.51,-0.49,,,
16301830-G,0,1,,,,25.23,25.23,,,
16301932-G,0,1,,,,0,0,,,
16316839-P,0,1,,,,0,0,,,
16320777-P,1228,,,1,,1375.48,147.48,,,
16349067-G,9,1,,,,308.55,299.55,,,
16350279-P,0,1,,,,0,0,,,
16358988-P,29,,1,,,27.22,-1.78,,,
16379763-P,81,,1,,,578.56,497.56,,,
16383112-P,0,1,,,,0,0,,,
16383225-P,70,,1,,,62.78,-7.22,,,
16383281-G,49,,1,,,48.68,-0.32,,,
16383292-P,2,1,,,,266.83,264.83,,,
16383338-P,9,1,,,,7.75,-1.25,,,
16383430-P,0,1,,,,0,0,,,
16383510-G,103,1,,,,98.94,-4.06,,,
16383861-P,19,,1,,,17.88,-1.12,,,
16384911-G,0,1,,,,42.92,42.92,,,
16385141-G,0,1,,,,13.51,13.51,,,
16385210-G,894,,1,,,898.04,4.04,,,
16385312-P,0,1,,,,56.62,56.62,,,
16385390-P,53,,1,,,62.19,9.19,,,
16385425-P,148,1,,,,143.65,-4.35,,,
16385447-P,856,,,1,,856.92,0.92,,,
16386235-G,0,1,,,,0,0,,,
16386257-P,169,1,,,,165.1,-3.9,,,
16386860-P,0,1,,,,0,0,,,
16386882-G,398,1,,,,390.61,-7.39,,,
16386917-P,0,1,,,,0,0,,,
16386995-P,0,1,,,,0,0,,,
16401415-P,1,1,,,,6.16,5.16,,,
16401460-P,42,,1,,,39.34,-2.66,,,
16401891-P,0,1,,,,2.19,2.19,,,
16411668-P,4908,,,,1,,,,,
16426054-G,0,1,,,,0,0,,,
16455666-G,4,1,,,,14.5,10.5,,,
16468465-P,0,1,,,,0,0,,,
16468625-G,337,1,,,,325.64,-11.36,,,
16470067-P,0,1,,,,0.6,0.6,,,
16470625-P,3,1,,,,5.17,2.17,,,
16470658-G,221,1,,,,253.32,32.32,,,
16470681-G,9,1,,,,10.13,1.13,,,
16470749-P,0,1,,,,0,0,,,
16470841-G,0,1,,,,0,0,,,
16470921-P,0,1,,,,0,0,,,
16470932-P,328,,1,,,315.31,-12.69,,,
16470998-P,0,1,,,,0.4,0.4,,,
16472303-P,1,1,,,,2.38,1.38,,,
16472381-P,11,,1,,,11.13,0.13,,,
16472461-P,0,1,,,,0,0,,,
16472698-P,0,1,,,,9.34,9.34,,,
16472734-G,90,,1,,,91.79,1.79,,,
16472858-P,0,1,,,,0,0,,,
16472870-P,0,1,,,,0,0,,,
16477513-P,53,,1,,,82.65,29.65,,,
16477864-P,217,,1,,,196.3,-20.7,,,
16480061-P,0,1,,,,0,0,,,
16480129-P,0,1,,,,3.97,3.97,,,
16480232-P,65,,1,,,61.19,-3.81,,,
16480345-P,9,,1,,,7.95,-1.05,,,
16480389-P,369,,1,,,346.7,-22.3,,,
16480481-P,0,1,,,,0,0,,,
16480583-P,788,,,1,,801.09,13.09,,,
16480663-P,0,1,,,,4.37,4.37,,,
16480685-P,104,,1,,,95.96,-8.04,,,
16480732-P,4,,1,,,84.84,80.84,,,
16480743-G,0,1,,,,0,0,,,
16480856-P,300,,1,,,286.9,-13.1,,,
16480903-G,107,,1,,,98.94,-8.06,,,
16482409-G,0,1,,,,0,0,,,
16485500-G,0,1,,,,0,0,,,
16503756-P,81,,1,,,84.04,3.04,,,
16508831-G,212,,1,,,204.05,-7.95,,,
16509583-P,14,,,1,,13.51,-0.49,,,
16518971-G,0,1,,,,183.18,183.18,,,
16544528-P,303,,1,,,312.73,9.73,,,
16550462-P,9,,,,1,,,,,
16563012-P,4,,1,,,4.17,0.17,,,
16563192-G,0,1,,,,16.09,16.09,,,
16563589-P,0,1,,,,0,0,,,
16563921-P,0,1,,,,0,0,,,
16563943-P,0,1,,,,0.6,0.6,,,
16566146-G,0,1,,,,0.79,0.79,,,
16573118-P,8,,1,,,421.6,413.6,,,
16573298-G,0,1,,,,0.2,0.2,,,
16573583-P,0,1,,,,15.1,15.1,,,
16573594-P,0,1,,,,4.57,4.57,,,
16573607-P,0,1,,,,0,0,,,
16573618-G,4,,1,,,50.66,46.66,,,
16573629-P,0,1,,,,0,0,,,
16574586-P,4,,1,,,4.17,0.17,,,
16574666-P,0,1,,,,0.4,0.4,,,
16575158-P,3,,1,,,8.54,5.54,,,
16575512-G,27,,,1,,26.23,-0.77,,,
16575523-G,19,,,1,,17.88,-1.12,,,
16575589-G,0,1,,,,0,0,,,
16579398-G,0,1,,,,0,0,,,
16579741-P,10,,1,,,10.53,0.53,,,
16593230-P,433,,,1,,412.66,-20.34,,,
16639706-G,0,1,,,,0,0,,,
16654378-G,148,,1,,,141.86,-6.14,,,
16659624-G,0,1,,,,0,0,,,
16662581-G,28,,,1,,24.24,-3.76,,,
16669139-P,0,1,,,,0,0,,,
16691115-G,0,1,,,,0,0,,,
16704920-G,360,,1,,,379.28,19.28,,,
16712699-G,24,,,1,,23.84,-0.16,,,
16729650-P,0,1,,,,0,0,,,
16732119-P,0,1,,,,0.2,0.2,,,
16733521-G,0,1,,,,0,0,,,
16747174-P,2,,,,1,,,,,
16787421-G,0,1,,,,0,0,,,
16787512-P,58,,,1,,54.44,-3.56,,,
16796751-P,144,,1,,,139.67,-4.33,,,
16797947-G,21,,,1,,18.28,-2.72,,,
16819866-P,2,,1,,,1.99,-0.01,,,
16822110-G,127,,1,,,122.19,-4.81,,,
16822212-P,0,1,,,,0,0,,,
16822223-P,71,,,1,,83.45,12.45,,,
16822665-P,4,,1,,,4.17,0.17,,,
16822892-P,11,,,1,,10.13,-0.87,,,
16835511-P,84,,,1,,80.66,-3.34,,,
16855213-P,0,1,,,,1.59,1.59,,,
16855304-P,244,,1,,,236.63,-7.37,,,
16855360-P,0,,1,,,0,0,,,
16855531-P,0,,1,,,555.12,555.12,,,
16855553-P,423,,,,1,,,,,
16855962-P,318,,1,,,329.41,11.41,,,
16855995-P,208,,1,,,275.37,67.37,,,
16860030-P,358,,1,,,322.06,-35.94,,,
16860267-P,356,,1,,,359.42,3.42,,,
16860518-P,191,,1,,,178.22,-12.78,,,
16860734-P,112,,1,,,107.09,-4.91,,,
16927052-G,0,,1,,,0,0,,,
16927325-P,0,,1,,,0,0,,,
16927336-P,91,,,1,,80.66,-10.34,,,
16927449-P,0,,1,,,0,0,,,
16927825-P,0,,1,,,0,0,,,
16929218-P,2,,1,,,2.78,0.78,,,
16929230-P,0,,1,,,0,0,,,
16929489-P,0,,1,,,13.11,13.11,,,
16932006-P,76,,,1,,66.16,-9.84,,,
16932211-G,110,,1,,,101.53,-8.47,,,
16932313-P,229,,1,,,213.38,-15.62,,,
16932437-P,425,,,1,,408.69,-16.31,,,
16932448-P,1413,,,1,,1213.55,-199.45,,,
16932459-P,0,,1,,,0,0,,,
16949078-G,33,,,1,,29.6,-3.4,,,
16954839-G,1,,,1,,0.79,-0.21,,,
16957496-G,1558,,,1,,1437.27,-120.73,,,
16960273-G,0,,1,,,7.95,7.95,,,
16982857-G,0,,1,,,0,0,,,
16985834-G,0,,1,,,0,0,,,
16995918-P,52,,,1,,44.11,-7.89,,,
17017093-G,1615,,,1,,1529.26,-85.74,,,
17017742-P,0,,1,,,0,0,,,
17017902-G,7,,,1,,5.76,-1.24,,,
17020110-G,0,,1,,,0,0,,,
17021099-P,248,,,1,,164.11,-83.89,,,
17021113-P,0,,1,,,0,0,,,
17021124-P,0,,1,,,0,0,,,
17021420-P,0,,1,,,19.27,19.27,,,
17021680-P,0,,1,,,0,0,,,
17052174-G,6,,,1,,6.36,0.36,,,
17052641-G,131,,,1,,123.38,-7.62,,,
17061415-G,0,,1,,,0,0,,,
17064016-G,254,,,1,,253.52,-0.48,,,
17064050-G,140,,,1,,129.34,-10.66,,,
17064083-G,0,,1,,,0,0,,,
17064107-G,0,,1,,,0,0,,,
17064141-G,23,,,1,,30.2,7.2,,,
17064232-G,0,,1,,,1.19,1.19,,,
17064367-G,0,,1,,,0.99,0.99,,,
17064425-G,0,,1,,,0,0,,,
17064447-G,28,,,1,,42.72,14.72,,,
17064469-G,0,,1,,,0,0,,,
17064470-G,118,,,1,,115.63,-2.37,,,
17064492-G,0,,1,,,0.4,0.4,,,
17064505-G,0,,1,,,0.2,0.2,,,
17064561-G,0,,1,,,0,0,,,
17064572-G,0,,1,,,0,0,,,
17064594-G,12,,,1,,8.15,-3.85,,,
17064618-G,0,,1,,,0,0,,,
17064629-G,0,,1,,,0,0,,,
17064890-G,0,,1,,,0,0,,,
17064958-G,0,,1,,,0,0,,,
17064981-G,11,,,1,,9.93,-1.07,,,
17064992-G,43,,,1,,114.44,71.44,,,
17071055-G,343,,,1,,331.4,-11.6,,,
17071066-G,0,,1,,,0.2,0.2,,,
17071099-G,704,,,1,,704.13,0.13,,,
17071248-G,56,,,1,,51.86,-4.14,,,
17071351-G,0,,1,,,0,0,,,
17071362-G,3,,,1,,10.13,7.13,,,
17071464-G,0,,1,,,2.58,2.58,,,
17071588-G,0,,1,,,0.6,0.6,,,
17071599-G,0,,1,,,0,0,,,
17071771-G,0,,1,,,0,0,,,
17071782-G,268,,,1,,251.93,-16.07,,,
17071793-G,0,,1,,,0,0,,,
17071806-G,306,,,1,,298.42,-7.58,,,
17071817-G,0,,1,,,46.49,46.49,,,
17071851-G,0,,1,,,3.18,3.18,,,
17071862-G,0,,1,,,0,0,,,
17071884-G,0,,1,,,37.95,37.95,,,
17071895-G,0,,1,,,0.2,0.2,,,
17071919-G,26,,,1,,55.23,29.23,,,
17071964-G,0,,1,,,0,0,,,
17073697-G,161,,,1,,158.95,-2.05,,,
17082176-G,71,,,1,,65.37,-5.63,,,
17082256-G,306,,,1,,289.28,-16.72,,,
17082303-P,0,,1,,,8.54,8.54,,,
17082369-P,628,,,1,,596.24,-31.76,,,
17082370-G,29,,,1,,24.44,-4.56,,,
17082552-G,0,,1,,,0,0,,,
17082687-P,277,,,1,,267.23,-9.77,,,
17082905-G,163,,,1,,161.93,-1.07,,,
17083055-G,0,,1,,,14.9,14.9,,,
17083088-G,0,,1,,,134.31,134.31,,,
17083135-G,0,,1,,,2.58,2.58,,,
17083146-G,0,,1,,,1.19,1.19,,,
17083157-G,0,,1,,,0,0,,,
17083168-G,0,,1,,,78.88,78.88,,,
17083179-G,46,,,1,,64.97,18.97,,,
17083180-G,0,,1,,,1.79,1.79,,,
17083191-G,0,,1,,,0.6,0.6,,,
17083500-G,0,,1,,,0,0,,,
17083679-G,0,,1,,,0.2,0.2,,,
17083759-G,0,,1,,,0.6,0.6,,,
17083919-G,104,,,1,,102.72,-1.28,,,
17094494-P,0,,1,,,0,0,,,
17100388-G,181,,,1,,168.28,-12.72,,,
17118648-G,1,,,1,,1.99,0.99,,,
17129021-G,0,,,1,,0,0,,,
17129032-G,0,,,1,,0,0,,,
17129065-G,236,,,1,,225.5,-10.5,,,
17129087-G,0,,,1,,0,0,,,
17129123-G,0,,,1,,3.38,3.38,,,
17129134-G,0,,,1,,0,0,,,
17129316-G,504,,,1,,486.37,-17.63,,,
17129418-G,224,,,1,,277.16,53.16,,,
17129429-G,0,,,1,,284.71,284.71,多標支氣管,,
17129430-G,1072,,,1,,1288.85,216.85,,,
17129565-G,0,,,1,,0.4,0.4,,,
17129576-G,262,,,1,,268.42,6.42,,,
17129645-G,0,,,1,,0.2,0.2,,,
17129656-G,0,,,1,,0.2,0.2,,,
17129690-G,0,,,1,,0,0,,,
17129703-G,3,,,1,,17.48,14.48,,,
17129769-G,0,,,1,,0,0,,,
17129827-G,0,,,1,,6.76,6.76,,,
17129838-G,0,,,1,,0,0,,,
17131065-G,0,,,1,,8.34,8.34,,,
17131087-G,3,,,,1,,,,,
17131098-G,42,,,1,,40.53,-1.47,,,
17131112-G,0,,,1,,0,0,,,
17131134-G,61,,,1,,58.02,-2.98,,,
17131145-G,155,,,1,,146.03,-8.97,,,
17131178-G,0,,,1,,155.57,155.57,,,
17131247-G,0,,,1,,112.85,112.85,,,
17131316-G,0,,,1,,0,0,,,
17131430-G,0,,,1,,74.7,74.7,,,
17131441-G,0,,,1,,0,0,,,
17131623-G,18,,,1,,14.5,-3.5,,,
17131656-G,0,,,1,,0,0,,,
17131747-G,2,,,1,,16.89,14.89,,,
17131781-G,0,,,1,,0,0,,,
17131838-G,0,,,1,,1.19,1.19,,,
17131872-G,0,,,1,,29.8,29.8,,,
17131883-G,42,,,1,,59.41,17.41,,,
17131929-G,792,,,1,,741.08,-50.92,,,
17133005-G,0,,,1,,0,0,,,
17133027-G,229,,,1,,220.54,-8.46,,,
17133083-G,145,,,1,,167.09,22.09,,,
17133094-G,0,,,1,,110.27,110.27,,,
17133221-G,3,,,1,,282.33,279.33,多標降主動脈,,
17133323-G,0,,,1,,0,0,,,
17133378-G,0,,,1,,0,0,,,
17133414-G,0,,,1,,0,0,,,
17133425-G,510,,,,1,,,,,
17133469-G,1060,,,1,,1086,26,,,
17133607-G,0,,,1,,85.43,85.43,,,
17133663-G,3,,,1,,2.98,-0.02,,,
17133674-G,87,,,1,,84.04,-2.96,,,
17133721-G,0,,,1,,0.2,0.2,,,
17133743-G,779,,,1,,775.26,-3.74,,,
17133798-G,0,,,1,,0,0,,,
17133834-G,20,,,1,,22.05,2.05,,,
17133856-G,126,,,1,,118.02,-7.98,,,
17133878-G,0,,,1,,4.37,4.37,,,
17133903-G,484,,,1,,485.58,1.58,,,
17133914-G,0,,,1,,255.31,255.31,多標支氣管,,
17133947-G,0,,,1,,0,0,,,
17134382-G,199,,,1,,188.35,-10.65,,,
17137052-G,0,,,1,,11.13,11.13,,,
17137096-G,28,,,1,,26.62,-1.38,,,
17137143-G,0,,,1,,22.25,22.25,,,
17137187-G,0,,,1,,11.52,11.52,,,
17137245-G,0,,,1,,43.31,43.31,,,
17137267-G,172,,,1,,169.48,-2.52,,,
17137347-G,0,,,1,,0.6,0.6,,,
17137358-G,5,,,1,,3.58,-1.42,,,
17137449-G,0,,,1,,2.19,2.19,,,
17137507-G,126,,,1,,119.01,-6.99,,,
17137687-G,0,,,1,,0,0,,,
17137723-G,0,,,1,,0,0,,,
17137734-G,0,,,1,,1.19,1.19,,,
17137745-G,0,,,1,,2.19,2.19,,,
17137789-G,0,,,1,,0,0,,,
17137949-G,0,,,1,,0,0,,,
17140113-G,29,,,1,,27.42,-1.58,,,
17140168-G,0,,,1,,34.97,34.97,,,
17140179-G,0,,,1,,0,0,,,
17140204-G,326,,,1,,311.53,-14.47,,,
17140215-G,8,,,1,,5.76,-2.24,,,
17140271-G,0,,,1,,0,0,,,
17140419-G,0,,,1,,40.33,40.33,,,
17140420-G,149,,,1,,142.65,-6.35,,,
17140533-G,0,,,1,,1.99,1.99,,,
17140544-G,2,,,1,,2.98,0.98,,,
17140602-G,0,,,1,,5.56,5.56,,,
17140613-G,0,,,1,,4.37,4.37,,,
17140680-G,0,,,1,,18.68,18.68,,,
17140862-G,0,,,1,,10.33,10.33,,,
17140908-G,958,,,1,,956.06,-1.94,,,
17140920-G,10,,,1,,9.34,-0.66,,,
17152715-G,0,,,1,,76.49,76.49,,,
17158520-G,619,,,1,,580.95,-38.05,,,
17173136-G,0,,,1,,3.97,3.97,,,
17209222-G,60,,,1,,59.6,-0.4,,,
17222627-G,9,,,1,,261.82,252.82,多標起始瓣膜,,
17228125-G,0,,,1,,0.4,0.4,,,
17228136-G,0,,,1,,0,0,,,
17228578-G,11,,,1,,62.19,51.19,,,
17228614-G,117,,,1,,159.14,42.14,,,
17228874-G,0,,,1,,0,0,,,
17229184-G,0,,,1,,2.78,2.78,,,
17229195-G,0,,,1,,0,0,,,
17229286-G,0,,,1,,0.2,0.2,,,
17229311-G,0,,,1,,1.19,1.19,,,
17229424-G,61,,,1,,80.86,19.86,,,
17229515-G,571,,,1,,557.5,-13.5,,,
17229639-G,0,,,1,,0,0,,,
17229753-G,117,,,1,,180.2,63.2,,,
17229833-G,5,,,1,,4.37,-0.63,,,
17229844-G,1559,,,1,,1505.02,-53.98,,,
17229855-G,57,,,1,,58.81,1.81,,,
17229979-G,0,,,1,,0,0,,,
17235017-G,7,,,1,,6.76,-0.24,,,
17235200-G,139,,,1,,131.13,-7.87,,,
17235766-G,42,,,1,,47.48,5.48,,,
17238312-G,46,,,1,,41.33,-4.67,,,
17238367-G,1,,,1,,0.79,-0.21,,,
17238458-G,178,,,1,,168.68,-9.32,,,
17238470-G,2,,,1,,41.92,39.92,,,
17238481-G,17,,,1,,16.69,-0.31,,,
17238516-G,0,,,1,,0,0,,,
17238561-G,192,,,1,,199.28,7.28,,,
17238630-G,0,,,1,,4.97,4.97,,,
17240685-G,0,,,1,,26.42,26.42,,,
17241100-G,0,,,1,,0,0,,,
17241122-G,119,,,1,,127.75,8.75,,,
17241177-G,0,,,1,,0.6,0.6,,,
17241202-G,0,,,1,,0,0,,,
17241213-G,0,,,1,,60.4,60.4,,,
17241224-G,1,,,1,,211,210,"多標起始瓣膜, 支氣管",,
17241246-G,38,,,1,,303.98,265.98,多標支氣管,,
17241291-G,0,,,1,,0,0,,,
17241393-G,0,,,1,,52.05,52.05,,,
17241406-G,0,,,,1,,,,,
17241417-G,105,,,1,,101.33,-3.67,,,
17241451-G,0,,,1,,0,0,,,
17241520-G,30,,,1,,57.22,27.22,,,
17241611-G,454,,,1,,435.71,-18.29,,,
17241677-G,0,,,1,,0,0,,,
17241780-G,0,,,1,,0,0,,,
17241791-G,24,,,1,,22.45,-1.55,,,
17241804-G,0,,,1,,0,0,,,
17241860-G,0,,,1,,1.99,1.99,,,
17241871-G,16,,,1,,14.7,-1.3,,,
17241940-G,651,,,1,,633.8,-17.2,,,
17241962-G,0,,,1,,5.96,5.96,,,
17242023-G,0,,,1,,0,0,,,
17242034-G,146,,,1,,135.5,-10.5,,,
17242045-G,247,,,1,,216.56,-30.44,,,
17242169-G,0,,,1,,0,0,,,
17242205-G,0,,,1,,0,0,,,
17242272-G,0,,,1,,0,0,,,
17242283-G,0,,,1,,0.2,0.2,,,
17242294-G,0,,,1,,0,0,,,
17242318-G,0,,,1,,28.41,28.41,,,
17242329-G,155,,,1,,148.61,-6.39,,,
17242374-G,0,,,1,,10.33,10.33,,,
17242385-G,0,,,1,,0.4,0.4,,,
17242409-G,15,,,1,,19.47,4.47,,,
17242578-G,0,,,1,,0.6,0.6,,,
17242670-G,0,,,1,,1.39,1.39,,,
17242829-G,0,,,1,,1.19,1.19,,,
17242932-G,0,,,1,,0,0,,,
17247788-G,0,,,1,,9.34,9.34,,,
17273493-G,8,,,1,,7.15,-0.85,,,
17303230-G,25,,,1,,38.94,13.94,,,
17309396-G,111,,,1,,139.47,28.47,,,
17318295-G,0,,,,1,,,,,
17339025-G,0,,,1,,0,0,,,
17351278-G,20,,,1,,165.9,145.9,,,
17360724-G,0,,,1,,0,0,,,
17361125-G,178,,,1,,170.87,-7.13,,,
17366120-G,29,,,1,,61.59,32.59,,,
17391898-G,0,,,1,,0,0,,,
17415531-G,0,,,1,,0,0,,,
17415575-G,1,,,1,,1.39,0.39,,,
17415586-G,1,,,1,,5.76,4.76,,,
17415791-G,22,,,1,,20.66,-1.34,,,
17437499-G,27,,,1,,38.94,11.94,,,
17437604-G,0,,,1,,0,0,,,
17437615-G,0,,,1,,0.4,0.4,,,
17437784-G,80,,,1,,75.7,-4.3,,,
17437999-G,0,,,1,,0,0,,,
17457544-G,1612,,,1,,1541.77,-70.23,,,
17461200-G,0,,,1,,0,0,,,
